Question,Option A,Option B,Option C,Option D,Correct Answer,Topic,Difficulty
What is 2+2?,3,4,5,6,B,Math,Easy
Capital of India?,Mumbai,Delhi,Chennai,Kolkata,B,Geography,Easy
Which planet is known as the Red Planet?,Venus,Jupiter,Mars,Mercury,C,Science,Easy
How many sides does a hexagon have?,5,6,7,8,B,Math,Easy
Which ocean is the largest?,Atlantic,Indian,Arctic,Pacific,D,Geography,Easy
Who wrote Romeo and Juliet?,William Shakespeare,Charles Dickens,Jane Austen,Mark Twain,A,Literature,Medium
What is 9 x 7?,56,63,72,81,B,Math,Medium
Which gas do plants absorb?,Oxygen,Nitrogen,Carbon dioxide,Hydrogen,C,Science,Medium
What punctuation ends a question?,Period,Comma,Question mark,Colon,C,English,Easy
